Query,MAP,MRR
BR11218,0.5,0.0
BR11566,0.0,0.0
BR11568,0.8333333333333333,0.0
BR11846,0.5,0.0
BR12760,0.25,0.0
BR7905,0.3333333333333333,0.0
BR8515,0.3333333333333333,0.0
Avg,0.39285714285714285,0.0
