Query,MAP,MRR
BR1906,1.0,1.0
BR1977,0.5,0.5
BR2052,0.5833333333333333,0.5
BR996,0.25,0.25
Avg,0.5833333333333333,0.5625
