Query,MAP,MRR
BR1906,1.0,1.0
BR1977,0.5,0.5
BR2052,0.8333333333333333,1.0
BR996,1.0,1.0
Avg,0.8333333333333333,0.875
